City_ID,City,Country,Date,Lat,Lng,Max Temp,Humidity,Cloudiness,Wind Speed
0,Nuevo Progreso,MX,2021-07-30 06:06:10,23.1667,-97.95,79.59,83,98,2.06
1,Grand Gaube,MU,2021-07-30 06:06:10,-20.0064,57.6608,74.37,65,64,11.99
2,Guerrero Negro,MX,2021-07-30 06:06:10,27.9769,-114.0611,70.65,82,55,12.88
3,Lasa,IT,2021-07-30 06:06:11,46.6166,10.7002,67.03,79,45,2.28
4,Ushuaia,AR,2021-07-30 06:06:11,-54.8,-68.3,37.06,75,20,10.36
5,Bansko,BG,2021-07-30 06:06:11,41.8383,23.4885,83.7,30,0,2.1
6,Haines Junction,CA,2021-07-30 06:06:12,60.7522,-137.5108,53.42,77,20,5.39
7,Hermanus,ZA,2021-07-30 06:06:12,-34.4187,19.2345,51.91,78,70,5.1
8,Mbour,SN,2021-07-30 06:06:13,14.422,-16.9638,79.65,83,100,4.68
9,Qasigiannguit,GL,2021-07-30 06:06:13,68.8193,-51.1922,46.65,75,80,2.48
10,Sinnamary,GF,2021-07-30 06:06:13,5.3833,-52.95,76.51,87,7,3.06
11,Saskylakh,RU,2021-07-30 06:06:14,71.9167,114.0833,89.38,32,21,5.66
12,Mabaruma,GY,2021-07-30 06:06:14,8.2,-59.7833,72.79,96,91,1.97
13,Vaini,TO,2021-07-30 06:06:15,-21.2,-175.2,71.76,100,75,4.61
14,Lebu,CL,2021-07-30 06:06:15,-37.6167,-73.65,47.93,86,5,6.71
15,College,US,2021-07-30 06:06:15,64.8569,-147.8028,64.72,75,75,0.0
16,Tulum,MX,2021-07-30 06:06:16,20.2167,-87.4667,78.64,91,40,6.17
17,Albany,US,2021-07-30 06:06:16,42.6001,-73.9662,66.38,95,91,7.99
18,Dukat,RU,2021-07-30 06:06:17,62.55,155.55,37.22,81,100,7.02
19,Bonavista,CA,2021-07-30 06:06:17,48.6499,-53.1147,58.12,75,54,13.85
20,Lagoa,PT,2021-07-30 06:06:18,39.05,-27.9833,69.28,89,0,7.23
21,Port Alfred,ZA,2021-07-30 06:06:18,-33.5906,26.891,56.52,73,20,4.81
22,Cherskiy,RU,2021-07-30 06:06:19,68.75,161.3,38.19,64,98,19.64
23,Tete,MZ,2021-07-30 06:06:19,-16.1564,33.5867,62.69,63,40,3.44
24,Taltal,CL,2021-07-30 06:06:19,-25.4,-70.4833,60.53,58,0,2.77
25,Ambunti,PG,2021-07-30 06:06:20,-4.2365,142.8448,85.23,76,73,1.28
26,Petropavlovka,RU,2021-07-30 06:06:20,50.6114,105.3196,55.96,92,100,3.51
27,Paamiut,GL,2021-07-30 06:06:21,61.994,-49.6678,42.46,91,100,4.52
28,Qaanaaq,GL,2021-07-30 06:06:21,77.484,-69.3632,40.75,86,73,7.67
29,Lompoc,US,2021-07-30 06:06:21,34.6391,-120.4579,68.77,90,90,4.61
30,Labuhan,ID,2021-07-30 06:06:22,-6.8844,112.2051,88.48,55,18,9.01
31,Baruun-Urt,MN,2021-07-30 06:06:22,46.6806,113.2792,81.84,34,6,9.24
32,Bredasdorp,ZA,2021-07-30 06:06:23,-34.5322,20.0403,49.53,83,52,5.23
33,Shingu,JP,2021-07-30 06:06:23,33.7333,135.9833,86.92,63,15,4.45
34,Yellowknife,CA,2021-07-30 06:06:23,62.456,-114.3525,63.28,67,95,4.0
35,Mataura,NZ,2021-07-30 06:06:24,-46.1927,168.8643,50.49,90,100,2.73
36,New Norfolk,AU,2021-07-30 06:06:25,-42.7826,147.0587,57.92,55,95,3.0
37,Severomuysk,RU,2021-07-30 06:06:25,56.1481,113.4267,70.18,40,21,2.55
38,Kahului,US,2021-07-30 06:06:25,20.8947,-156.47,76.26,85,20,16.11
39,Atuona,PF,2021-07-30 06:06:26,-9.8,-139.0333,77.47,79,99,14.2
40,Lazaro Cardenas,MX,2021-07-30 06:06:26,17.9583,-102.2,79.34,85,29,4.36
41,Faanui,PF,2021-07-30 06:06:27,-16.4833,-151.75,78.28,75,62,14.43
42,Axim,GH,2021-07-30 06:06:27,4.8699,-2.2405,75.06,89,17,5.55
43,Butaritari,KI,2021-07-30 06:06:27,3.0707,172.7902,83.57,74,8,11.23
44,Airai,TL,2021-07-30 06:06:28,-8.9266,125.4092,76.46,38,4,3.31
45,Itarema,BR,2021-07-30 06:06:28,-2.9248,-39.9167,76.73,90,75,7.99
46,Coihaique,CL,2021-07-30 06:06:28,-45.5752,-72.0662,37.35,93,75,6.91
47,Khatanga,RU,2021-07-30 06:06:29,71.9667,102.5,90.23,30,1,15.77
48,Umm Lajj,SA,2021-07-30 06:06:29,25.0213,37.2685,88.83,43,72,4.76
49,Stoughton,US,2021-07-30 06:06:30,42.1251,-71.1023,71.73,95,90,1.01
50,Noumea,NC,2021-07-30 06:06:30,-22.2763,166.4572,73.0,99,55,15.48
51,Cabo San Lucas,MX,2021-07-30 06:06:30,22.8909,-109.9124,84.61,64,2,3.0
52,Udachnyy,RU,2021-07-30 06:06:31,66.4167,112.4,80.73,28,38,7.2
53,Upernavik,GL,2021-07-30 06:06:31,72.7868,-56.1549,44.37,84,92,5.73
54,Busselton,AU,2021-07-30 06:06:32,-33.65,115.3333,52.09,63,84,23.53
55,Souillac,MU,2021-07-30 06:06:32,-20.5167,57.5167,74.35,67,72,19.73
56,Saint-Augustin,CA,2021-07-30 06:06:33,51.226,-58.6502,56.17,70,89,8.5
57,Pleasant Grove,US,2021-07-30 06:04:23,40.3641,-111.7385,79.18,60,75,4.61
58,Itaporanga,BR,2021-07-30 06:06:33,-7.3044,-38.1503,70.45,62,100,2.17
59,Vestmannaeyjar,IS,2021-07-30 06:06:33,63.4427,-20.2734,52.66,93,49,10.38
60,Hilo,US,2021-07-30 06:06:34,19.7297,-155.09,76.73,85,90,4.61
61,Elmadag,TR,2021-07-30 06:06:34,39.9208,33.2308,70.34,31,0,4.92
62,Pevek,RU,2021-07-30 06:06:35,69.7008,170.3133,32.22,99,100,25.17
63,Ayan,RU,2021-07-30 06:06:35,56.45,138.1667,55.56,77,100,19.04
64,Rikitea,PF,2021-07-30 06:05:09,-23.1203,-134.9692,71.46,74,1,6.11
65,Sao Joao Da Barra,BR,2021-07-30 06:06:36,-21.6403,-41.0511,57.58,67,0,15.77
66,Edendale,ZA,2021-07-30 06:06:37,-29.6528,30.3147,49.62,76,8,2.82
67,Kirkuk,IQ,2021-07-30 06:06:37,35.4681,44.3922,97.32,25,0,15.61
68,Ilabaya,PE,2021-07-30 06:06:37,-17.4208,-70.5133,64.22,35,11,2.77
69,Tasiilaq,GL,2021-07-30 06:06:38,65.6145,-37.6368,42.96,82,43,3.18
70,Piacabucu,BR,2021-07-30 06:06:38,-10.4056,-36.4344,71.91,87,16,6.46
71,Praya,CV,2021-07-30 06:06:39,14.9215,-23.5087,74.57,83,63,7.23
72,Palmer,US,2021-07-30 06:06:39,42.1584,-72.3287,70.39,86,90,0.0
73,Garoua Boulai,CM,2021-07-30 06:06:40,5.8833,14.55,64.42,97,89,2.55
74,Eskil,TR,2021-07-30 06:06:40,38.4017,33.4131,71.96,34,0,11.88
75,Cairns,AU,2021-07-30 06:06:40,-16.9167,145.7667,88.95,61,21,4.61
76,Warmbad,NA,2021-07-30 06:06:41,-28.45,18.7333,47.89,35,0,10.69
77,Butembo,CD,2021-07-30 06:06:41,0.15,29.2833,63.32,78,65,2.73
78,Lavrentiya,RU,2021-07-30 06:06:42,65.5833,-171.0,45.84,90,81,5.64
79,Miri,MY,2021-07-30 06:06:02,4.4148,114.0089,83.98,66,92,5.35
80,San Patricio,US,2021-07-30 06:06:42,28.017,-97.5169,82.89,76,67,6.15
81,Shache,CN,2021-07-30 06:06:43,38.4167,77.2406,97.32,14,100,24.83
82,Constitucion,CL,2021-07-30 06:06:43,-35.3333,-72.4167,50.45,74,0,3.49
83,Qaqortoq,GL,2021-07-30 06:06:43,60.7167,-46.0333,46.9,93,100,3.6
84,Bonthe,SL,2021-07-30 06:06:44,7.5264,-12.505,76.06,83,56,2.46
85,Punta Arenas,CL,2021-07-30 06:03:21,-53.15,-70.9167,35.11,73,68,15.86
86,Beloha,MG,2021-07-30 06:06:44,-25.1667,45.05,71.49,59,1,6.02
87,Valparaiso,CL,2021-07-30 06:05:08,-33.0393,-71.6273,50.47,86,90,3.44
88,Nieuw Amsterdam,SR,2021-07-30 06:06:45,5.8833,-55.0833,75.36,89,47,4.68
89,Alofi,NU,2021-07-30 06:06:46,-19.0595,-169.9187,75.87,75,85,15.52
90,Puerto Leguizamo,CO,2021-07-30 06:06:46,-0.1934,-74.7819,69.42,99,94,1.57
91,Santa Lucia,ES,2021-07-30 06:06:46,27.9117,-15.5407,62.76,78,20,24.16
92,Kibala,TD,2021-07-30 06:06:47,9.1104,18.3463,72.55,94,50,4.07
93,Fortuna,US,2021-07-30 06:06:47,40.5982,-124.1573,79.48,94,90,0.0
94,Husavik,IS,2021-07-30 06:06:48,66.0449,-17.3389,51.96,90,87,1.16
95,Boyolangu,ID,2021-07-30 06:06:48,-8.1181,111.8935,82.63,67,78,10.78
96,Tiznit,MA,2021-07-30 06:06:48,29.5833,-9.5,81.95,37,51,6.91
97,Camana,PE,2021-07-30 06:06:49,-16.6228,-72.7111,59.76,85,67,5.06
98,Talara,PE,2021-07-30 06:06:49,-4.5772,-81.2719,67.59,84,97,13.51
99,Marsa Matruh,EG,2021-07-30 06:06:50,31.3525,27.2453,83.1,67,0,16.02
100,Hobart,AU,2021-07-30 06:04:33,-42.8794,147.3294,58.26,52,75,5.99
101,Arraial Do Cabo,BR,2021-07-30 06:06:50,-22.9661,-42.0278,62.74,57,98,20.58
102,Dikson,RU,2021-07-30 06:06:50,73.5069,80.5464,39.58,97,100,15.7
103,Oranjestad,AW,2021-07-30 06:06:51,12.524,-70.027,80.55,83,20,23.02
104,Praia,CV,2021-07-30 06:06:51,14.9215,-23.5087,74.89,84,74,5.86
105,Hithadhoo,MV,2021-07-30 06:06:52,-0.6,73.0833,82.69,70,55,2.82
106,Harper,LR,2021-07-30 06:06:52,4.375,-7.7169,74.8,87,78,4.05
107,Tacoronte,ES,2021-07-30 06:06:53,28.4769,-16.4102,67.46,71,75,10.0
108,Kodiak,US,2021-07-30 06:06:53,57.79,-152.4072,56.71,72,90,6.91
109,Victoria,HK,2021-07-30 06:03:47,22.2855,114.1577,90.97,79,99,1.01
110,Bandarbeyla,SO,2021-07-30 06:06:53,9.4942,50.8122,82.81,56,100,31.72
111,Pierre,US,2021-07-30 06:06:54,44.3683,-100.351,72.99,72,90,5.01
112,Koboko,UG,2021-07-30 06:06:54,3.4136,30.9599,67.23,86,99,3.53
113,Paringao,PH,2021-07-30 06:06:55,16.5717,120.3242,84.0,80,100,12.64
114,Mihai Bravu,RO,2021-07-30 06:06:55,44.1406,26.0628,80.22,55,5,12.68
115,Aljezur,PT,2021-07-30 06:06:56,37.3191,-8.8033,57.87,84,0,9.8
116,Mar Del Plata,AR,2021-07-30 06:06:56,-38.0023,-57.5575,46.0,69,0,3.0
117,Port Elizabeth,ZA,2021-07-30 06:05:03,-33.918,25.5701,54.3,72,36,3.65
118,Dondo,MZ,2021-07-30 06:06:57,-19.6094,34.7431,66.09,77,19,3.96
119,Namtsy,RU,2021-07-30 06:06:57,62.7161,129.6658,75.31,29,10,6.29
120,San Isidro,PE,2021-07-30 06:06:58,-12.1167,-77.05,60.39,97,90,8.05
121,San Policarpo,PH,2021-07-30 06:06:58,12.1791,125.5072,90.99,58,86,5.26
122,Svetlogorsk,BY,2021-07-30 06:06:58,52.6333,29.7333,70.03,75,6,9.26
123,Jamestown,US,2021-07-30 06:04:11,42.097,-79.2353,69.39,94,20,4.83
124,Sao Filipe,CV,2021-07-30 06:07:00,14.8961,-24.4956,74.05,81,36,5.23
125,Saint-Philippe,RE,2021-07-30 06:07:00,-21.3585,55.7679,72.21,79,93,14.7
126,Nanortalik,GL,2021-07-30 06:07:00,60.1432,-45.2371,47.12,73,100,16.87
127,Torbay,CA,2021-07-30 06:03:20,47.6666,-52.7314,57.27,90,12,3.0
128,Salinopolis,BR,2021-07-30 06:07:01,-0.6136,-47.3561,77.76,87,31,8.61
129,Talnakh,RU,2021-07-30 06:07:01,69.4865,88.3972,57.88,93,100,4.9
130,Acapulco,MX,2021-07-30 06:07:02,16.8634,-99.8901,76.89,95,98,7.65
131,Marquard,ZA,2021-07-30 06:07:02,-28.6645,27.4305,44.8,34,0,4.97
132,Tongliao,CN,2021-07-30 06:07:02,43.6125,122.2653,72.05,90,100,6.6
133,Tura,IN,2021-07-30 06:07:03,25.5198,90.2201,81.34,79,100,7.96
134,Vestmanna,FO,2021-07-30 06:07:03,62.1564,-7.1664,49.12,93,84,18.41
135,Saraland,US,2021-07-30 06:07:04,30.8207,-88.0706,81.23,91,21,3.44
136,Vila Velha,BR,2021-07-30 06:04:05,-20.3297,-40.2925,60.91,68,68,17.38
137,Staroshcherbinovskaya,RU,2021-07-30 06:07:04,46.6311,38.6742,84.24,37,53,5.5
138,Bethel,US,2021-07-30 06:07:05,41.3712,-73.414,71.1,93,63,6.73
139,Matsusaka,JP,2021-07-30 06:07:05,34.5667,136.5333,88.99,59,34,5.3
140,Esperance,AU,2021-07-30 06:07:06,-33.8667,121.9,55.24,67,98,26.89
141,Sidi Ali,DZ,2021-07-30 06:07:06,36.0998,0.4206,75.04,77,75,3.62
142,Ribeira Grande,PT,2021-07-30 06:07:06,38.5167,-28.7,70.03,87,11,6.31
143,Cidreira,BR,2021-07-30 06:07:07,-30.1811,-50.2056,41.85,79,5,9.71
144,Vermilion,US,2021-07-30 06:07:07,40.1667,-87.7506,72.97,92,1,3.0
145,Kimbe,PG,2021-07-30 06:07:08,-5.5502,150.1429,82.36,83,61,0.96
146,Kununurra,AU,2021-07-30 06:07:08,-15.7667,128.7333,96.78,17,3,5.75
147,Longyearbyen,SJ,2021-07-30 06:07:09,78.2186,15.6401,44.44,76,75,10.36
148,Yangshe,CN,2021-07-30 06:07:09,31.8899,120.6052,91.99,57,48,3.98
149,Jardim,BR,2021-07-30 06:07:09,-21.4803,-56.1381,42.39,44,72,2.75
150,Castro,BR,2021-07-30 06:07:10,-24.7911,-50.0119,31.32,71,12,3.13
151,Krasnoselkup,RU,2021-07-30 06:07:10,65.7,82.4667,64.6,46,2,11.07
152,Mount Gambier,AU,2021-07-30 06:04:55,-37.8333,140.7667,58.06,59,84,15.28
153,Arlit,NE,2021-07-30 06:07:11,18.7369,7.3853,90.39,43,5,10.27
154,Pangnirtung,CA,2021-07-30 06:07:12,66.1451,-65.7125,49.28,80,18,3.6
155,Georgetown,MY,2021-07-30 06:07:12,5.4112,100.3354,89.89,69,20,3.44
156,Tilichiki,RU,2021-07-30 06:07:12,60.4667,166.1,54.09,52,76,15.66
157,Bluff,NZ,2021-07-30 06:07:13,-46.6,168.3333,50.81,80,100,0.16
158,Neiafu,TO,2021-07-30 06:07:13,-18.65,-173.9833,77.68,83,75,5.75
159,Norman Wells,CA,2021-07-30 06:07:13,65.282,-126.8329,61.09,81,97,2.95
160,Mehamn,NO,2021-07-30 06:07:14,71.0357,27.8492,46.58,81,100,6.42
161,Kapaa,US,2021-07-30 06:07:14,22.0752,-159.319,82.38,75,75,1.99
162,Camabatela,AO,2021-07-30 06:07:15,-8.1881,15.375,59.02,71,0,2.93
163,Puerto Ayora,EC,2021-07-30 06:07:15,-0.7393,-90.3518,70.38,92,16,5.82
164,Tommot,RU,2021-07-30 06:07:15,58.9564,126.2925,63.03,68,47,10.58
165,Neepawa,CA,2021-07-30 06:02:40,50.2289,-99.4664,67.05,42,61,9.31
166,Ilulissat,GL,2021-07-30 06:07:16,69.2167,-51.1,46.42,71,51,3.44
167,Sosnovo-Ozerskoye,RU,2021-07-30 06:07:16,52.5249,111.5418,73.56,40,100,13.38
168,Barrow,US,2021-07-30 06:07:17,71.2906,-156.7887,50.02,87,90,5.75
169,Naze,JP,2021-07-30 06:07:17,28.3667,129.4833,79.77,81,94,1.66
170,Tucurui,BR,2021-07-30 06:07:18,-3.7661,-49.6725,74.64,86,71,3.62
171,Ciudad Guayana,VE,2021-07-30 06:07:18,8.3533,-62.6528,76.51,92,87,2.95
172,Kouango,CF,2021-07-30 06:07:18,4.9934,19.9619,75.99,79,89,1.59
173,Yanam,IN,2021-07-30 06:07:19,16.7333,82.2167,86.4,51,100,12.12
174,Tandil,AR,2021-07-30 06:03:50,-37.3217,-59.1332,43.11,59,0,1.99
175,La Asuncion,VE,2021-07-30 06:07:19,11.0333,-63.8628,78.12,85,21,17.16
176,Le Mars,US,2021-07-30 06:07:20,42.7942,-96.1656,71.56,83,90,3.44
177,Erenhot,CN,2021-07-30 06:07:20,43.6475,111.9767,87.82,23,2,10.2
178,Corrales,US,2021-07-30 06:07:21,35.2378,-106.6067,78.87,48,1,15.01
179,Sisimiut,GL,2021-07-30 06:07:21,66.9395,-53.6735,49.82,80,51,4.32
180,Iqaluit,CA,2021-07-30 06:07:21,63.7506,-68.5145,46.04,84,92,2.55
181,Ostersund,SE,2021-07-30 06:07:22,63.1792,14.6357,58.6,94,75,4.61
182,Bartica,GY,2021-07-30 06:07:22,6.4,-58.6167,73.72,99,98,0.13
183,Luderitz,NA,2021-07-30 06:07:23,-26.6481,15.1594,63.97,38,0,12.84
184,Vardo,NO,2021-07-30 06:07:23,70.3705,31.1107,48.4,81,75,6.91
185,Nikolskoye,RU,2021-07-30 06:07:24,59.7035,30.7861,69.69,61,60,8.7
186,Buala,SB,2021-07-30 06:07:24,-8.145,159.5921,83.39,75,18,7.7
187,Kruisfontein,ZA,2021-07-30 06:07:24,-34.0033,24.7314,51.19,71,42,4.47
188,Champerico,GT,2021-07-30 06:07:25,14.3,-91.9167,83.35,77,99,4.03
189,Kandrian,PG,2021-07-30 06:07:25,-6.2167,149.55,83.21,74,73,7.74
190,Mehran,IR,2021-07-30 06:07:26,33.1222,46.1646,102.27,14,0,4.52
191,Iracoubo,GF,2021-07-30 06:07:26,5.4802,-53.2011,75.99,88,5,2.82
192,Chifeng,CN,2021-07-30 06:07:26,42.2683,118.9636,66.96,95,100,6.85
193,Kyakhta,RU,2021-07-30 06:07:27,50.3508,106.4494,55.26,91,100,5.53
194,Auki,SB,2021-07-30 06:07:27,-8.7676,160.7034,83.89,69,7,1.48
195,Vryburg,ZA,2021-07-30 06:07:27,-26.9566,24.7284,44.47,33,0,4.18
196,Northam,GB,2021-07-30 06:07:28,51.0333,-4.2167,60.66,95,63,27.11
197,Codrington,AU,2021-07-30 06:07:28,-38.2667,141.9667,56.39,64,50,23.26
198,Sitka,US,2021-07-30 06:07:29,57.0531,-135.33,66.09,68,75,0.0
199,Leningradskiy,RU,2021-07-30 06:07:29,69.3833,178.4167,32.49,98,100,19.91
200,Narsaq,GL,2021-07-30 06:07:30,60.9167,-46.05,46.62,82,100,3.22
201,Ilo,PE,2021-07-30 06:07:30,-17.6394,-71.3375,58.46,85,59,3.31
202,Mahebourg,MU,2021-07-30 06:07:30,-20.4081,57.7,74.25,67,86,19.39
203,Ourem,PT,2021-07-30 06:07:31,39.6417,-8.5919,61.61,85,51,1.01
204,Wanning,CN,2021-07-30 06:07:31,18.8003,110.3967,90.18,66,100,14.83
205,Borkenes,NO,2021-07-30 06:07:32,68.774,16.1739,54.97,99,100,4.0
206,Tuktoyaktuk,CA,2021-07-30 06:07:32,69.4541,-133.0374,50.2,94,97,3.02
207,Yanaul,RU,2021-07-30 06:07:32,56.2719,54.9309,68.88,75,99,11.12
208,Broome,US,2021-07-30 06:07:33,42.2506,-75.833,66.0,96,75,3.44
209,Porto Novo,BJ,2021-07-30 06:07:33,6.4965,2.6036,74.28,89,48,4.34
210,Owando,CG,2021-07-30 06:07:33,-0.4819,15.8999,76.06,60,44,4.09
211,Salalah,OM,2021-07-30 06:07:34,17.0151,54.0924,78.89,89,90,11.5
212,Havre-Saint-Pierre,CA,2021-07-30 06:07:34,50.2334,-63.5986,55.76,94,90,0.0
213,Touros,BR,2021-07-30 06:07:35,-5.1989,-35.4608,72.5,84,29,9.98
214,Ierapetra,GR,2021-07-30 06:07:35,35.01,25.7353,84.38,42,0,11.03
215,Goderich,CA,2021-07-30 06:07:35,43.7501,-81.7165,68.92,83,0,17.52
216,Yulara,AU,2021-07-30 06:07:36,-25.2406,130.9889,82.24,20,0,24.16
217,Kant,IN,2021-07-30 06:07:36,27.8,79.8,88.93,66,100,16.31
218,Hongjiang,CN,2021-07-30 06:07:37,27.11,109.9956,95.22,50,0,2.55
219,Omboue,GA,2021-07-30 06:07:37,-1.5746,9.2618,74.25,80,22,5.84
220,Vostok,RU,2021-07-30 06:07:37,46.4856,135.8833,72.39,79,100,2.64
221,Cape Town,ZA,2021-07-30 06:07:38,-33.9258,18.4232,52.12,90,47,3.51
222,Chuy,UY,2021-07-30 06:07:38,-33.6971,-53.4616,39.11,87,6,5.64
223,Ixtapa,MX,2021-07-30 06:07:39,20.7,-105.2,76.01,83,19,2.37
224,Kuryk,KZ,2021-07-30 06:07:39,43.2,51.65,87.24,25,8,10.49
225,Te Anau,NZ,2021-07-30 06:07:40,-45.4167,167.7167,47.07,95,100,0.58
226,Gua Musang,MY,2021-07-30 06:07:40,4.8823,101.9644,88.47,57,100,0.6
227,Ryomgard,DK,2021-07-30 06:07:41,56.3843,10.503,62.6,95,75,11.99
228,Meulaboh,ID,2021-07-30 06:07:41,4.1363,96.1285,85.08,66,100,4.25
229,Marsh Harbour,BS,2021-07-30 06:05:29,26.5412,-77.0636,83.03,72,28,11.61
230,Vanavara,RU,2021-07-30 06:07:42,60.34,102.2797,85.66,27,0,6.87
231,Inhambane,MZ,2021-07-30 06:07:42,-23.865,35.3833,62.58,88,20,4.61
232,Andenes,NO,2021-07-30 06:07:42,69.3143,16.1194,55.08,93,20,24.16
233,Rylsk,RU,2021-07-30 06:07:43,51.5655,34.6822,71.73,80,41,10.18
234,Nha Trang,VN,2021-07-30 06:07:43,12.25,109.1833,96.8,59,59,11.74
235,Port Hardy,CA,2021-07-30 06:07:44,50.6996,-127.4199,60.21,96,15,7.4
236,Kloulklubed,PW,2021-07-30 06:07:44,7.0419,134.2556,84.7,68,81,4.76
237,Riverton,US,2021-07-30 06:07:44,40.5219,-111.9391,80.08,60,1,1.01
238,Thayetmyo,MM,2021-07-30 06:07:45,19.3167,95.1833,88.09,70,92,7.9
239,Komsomolskiy,UZ,2021-07-30 06:07:45,40.4272,71.7189,86.72,26,65,4.61
240,Naifaru,MV,2021-07-30 06:07:46,5.4444,73.3657,82.74,72,21,9.19
241,Wewak,PG,2021-07-30 06:07:46,-3.5534,143.6268,83.43,77,37,6.31
242,Port Hedland,AU,2021-07-30 06:07:47,-20.3167,118.5667,84.25,42,10,19.57
243,Guarapari,BR,2021-07-30 06:07:47,-20.6667,-40.4975,62.49,68,93,15.48
244,Belle Glade,US,2021-07-30 06:07:47,26.6845,-80.6676,78.03,80,79,4.05
245,Achit,RU,2021-07-30 06:07:48,56.7985,57.8994,59.23,93,100,8.32
246,Bathsheba,BB,2021-07-30 06:07:48,13.2167,-59.5167,79.41,83,75,19.57
247,Carnarvon,AU,2021-07-30 06:07:48,-24.8667,113.6333,69.87,62,75,14.97
248,Ken Caryl,US,2021-07-30 06:06:24,39.5773,-105.1169,81.03,41,89,1.01
249,Bethanien,NA,2021-07-30 06:07:49,-26.502,17.1583,48.51,40,0,6.76
250,Vao,NC,2021-07-30 06:07:50,-22.6667,167.4833,70.07,76,5,27.34
251,Englehart,CA,2021-07-30 06:07:50,47.8169,-79.8664,52.36,93,90,8.05
252,Asheboro,US,2021-07-30 06:03:42,35.7079,-79.8136,80.58,82,1,5.75
253,Paraopeba,BR,2021-07-30 06:07:51,-19.2757,-44.4033,52.95,27,1,3.24
254,Kamina,CD,2021-07-30 06:07:51,-8.7386,24.9906,67.1,36,0,5.7
255,Masallatah,LY,2021-07-30 06:07:51,32.6167,14.0,82.02,41,0,3.22
256,Giyani,ZA,2021-07-30 06:05:19,-23.3025,30.7187,58.87,74,0,13.71
257,Ostrovnoy,RU,2021-07-30 06:07:52,68.0531,39.5131,48.6,74,18,7.14
258,Hambantota,LK,2021-07-30 06:07:52,6.1241,81.1185,91.74,58,20,17.27
259,Kintampo,GH,2021-07-30 06:07:53,8.0563,-1.7306,68.59,90,35,4.32
260,Arona,ES,2021-07-30 06:07:53,28.0996,-16.681,67.03,78,20,4.61
261,Olafsvik,IS,2021-07-30 06:07:54,64.8945,-23.7142,52.75,88,100,4.79
262,Cap Malheureux,MU,2021-07-30 06:07:54,-19.9842,57.6142,74.46,65,63,11.99
263,Maragogi,BR,2021-07-30 06:07:55,-9.0122,-35.2225,72.5,86,63,3.15
264,Farafangana,MG,2021-07-30 06:07:55,-22.8167,47.8333,72.43,66,71,4.74
265,Bowen,AU,2021-07-30 06:05:31,-20.0167,148.2333,75.02,75,3,16.8
266,Huntington,US,2021-07-30 06:06:06,38.4193,-82.4452,74.37,93,1,5.75
267,Coos Bay,US,2021-07-30 06:07:56,43.3665,-124.2179,61.0,100,90,9.22
268,Murray Bridge,AU,2021-07-30 06:07:56,-35.1167,139.2667,69.12,51,85,16.93
269,Rudsar,IR,2021-07-30 06:07:56,37.1376,50.288,69.85,76,86,6.53
270,San Cristobal,VE,2021-07-30 06:07:57,7.7669,-72.225,63.79,96,72,4.52
271,Kroya,ID,2021-07-30 06:07:57,-7.6331,109.2461,84.02,69,41,11.77
272,La Ronge,CA,2021-07-30 06:03:11,55.1001,-105.2842,63.1,51,17,5.08
273,Chokurdakh,RU,2021-07-30 06:07:58,70.6333,147.9167,56.39,36,88,2.48
274,Jalu,LY,2021-07-30 06:07:58,29.0331,21.5482,84.33,34,0,7.92
275,Bestobe,KZ,2021-07-30 06:07:59,52.4994,73.0975,71.65,31,9,5.75
276,Sirpur,IN,2021-07-30 06:07:59,19.4833,79.6,88.2,59,94,14.92
277,Carandai,BR,2021-07-30 06:08:00,-20.9536,-43.8064,36.23,81,0,3.09
278,Letka,RU,2021-07-30 06:08:00,59.6011,49.4232,69.06,68,84,11.34
279,Coquimbo,CL,2021-07-30 06:08:01,-29.9533,-71.3436,47.93,93,90,4.61
280,Rio Gallegos,AR,2021-07-30 06:08:01,-51.6226,-69.2181,33.85,75,0,12.66
281,Murud,IN,2021-07-30 06:08:01,18.3258,72.965,80.56,86,100,15.43
282,Kiraoli,IN,2021-07-30 06:08:02,27.15,77.7833,81.84,83,100,5.21
283,Barra Patuca,HN,2021-07-30 06:08:02,15.8,-84.2833,78.04,87,19,5.88
284,Venice,US,2021-07-30 06:08:03,27.0998,-82.4543,81.0,94,1,4.61
285,Los Llanos De Aridane,ES,2021-07-30 06:08:03,28.6585,-17.9182,69.55,93,90,11.5
286,Kabompo,ZM,2021-07-30 06:08:03,-13.5927,24.2008,55.11,51,56,6.04
287,Bulgan,MN,2021-07-30 06:08:04,48.8125,103.5347,67.51,56,25,10.92
288,Batagay,RU,2021-07-30 06:08:04,67.6333,134.6333,71.78,28,57,2.75
289,Amudat,UG,2021-07-30 06:08:05,1.95,34.95,71.89,67,92,0.72
290,Katsuura,JP,2021-07-30 06:08:05,35.1333,140.3,86.18,71,59,5.03
291,Iringa,TZ,2021-07-30 06:08:05,-7.7667,35.7,59.11,60,2,12.64
292,Morehead,US,2021-07-30 06:08:06,37.2711,-87.1764,82.11,91,40,1.01
293,Dovers,VC,2021-07-30 06:08:06,12.8833,-61.1833,80.29,75,13,17.02
294,Awbari,LY,2021-07-30 06:08:07,26.5921,12.7805,79.72,27,0,7.76
295,Igarka,RU,2021-07-30 06:08:07,67.4667,86.5833,67.87,60,94,13.33
296,Hovd,MN,2021-07-30 06:08:08,48.0056,91.6419,75.09,29,97,6.91
297,Mahibadhoo,MV,2021-07-30 06:08:08,3.7833,72.9667,82.35,68,82,3.91
298,Vanimo,PG,2021-07-30 06:08:08,-2.6741,141.3028,84.22,71,97,4.36
299,Ballina,AU,2021-07-30 06:08:09,-28.8667,153.5667,68.18,56,0,4.83
300,Saint-Francois,FR,2021-07-30 06:08:09,46.4154,3.9054,66.18,92,0,0.0
301,Hamilton,US,2021-07-30 06:08:09,39.1834,-84.5333,78.24,90,75,5.75
302,Bilma,NE,2021-07-30 06:08:10,18.6853,12.9164,91.35,29,48,6.04
303,Portland,US,2021-07-30 06:07:02,45.5234,-122.6762,82.98,50,40,1.01
304,Huaicheng,CN,2021-07-30 06:08:10,23.9051,112.1931,96.58,48,78,3.06
305,Taoudenni,ML,2021-07-30 06:08:11,22.6783,-3.9836,93.81,34,43,10.98
306,Ondangwa,NA,2021-07-30 06:08:11,-17.9167,15.95,51.49,35,87,12.77
307,Burnie,AU,2021-07-30 06:08:12,-41.0667,145.9167,51.33,82,99,15.1
308,Maniitsoq,GL,2021-07-30 06:08:12,65.4167,-52.9,48.18,75,10,8.32
309,Goundi,TD,2021-07-30 06:08:12,9.3627,17.366,72.09,96,77,4.12
310,Picui,BR,2021-07-30 06:08:13,-6.5106,-36.3469,67.86,92,97,13.24
311,Chirkey,RU,2021-07-30 06:08:13,42.9613,46.9787,77.95,32,1,7.99
312,Lumberton,US,2021-07-30 06:08:14,34.6182,-79.0086,79.48,83,65,9.37
313,Vila Franca Do Campo,PT,2021-07-30 06:08:14,37.7167,-25.4333,70.21,91,46,6.26
314,Lata,PT,2021-07-30 06:08:14,40.1629,-8.3327,62.92,96,58,1.88
315,Waipawa,NZ,2021-07-30 06:08:15,-41.4122,175.5153,54.23,87,1,3.83
316,Xianyang,CN,2021-07-30 06:08:15,34.3378,108.7026,104.45,19,0,2.24
317,Sabla,NG,2021-07-30 06:08:15,12.7525,4.7077,75.97,81,35,10.36
318,Kutum,SD,2021-07-30 06:08:16,14.2,24.6667,77.99,61,88,12.06
319,Ljungby,SE,2021-07-30 06:08:16,56.8332,13.9408,60.8,90,99,12.86
320,Hualmay,PE,2021-07-30 06:08:17,-11.0964,-77.6139,62.58,87,53,7.7
321,Fassuta,IL,2021-07-30 06:08:17,33.0483,35.3098,76.86,56,0,5.1
322,Djougou,BJ,2021-07-30 06:08:18,9.7085,1.666,69.57,86,29,3.98
323,Ancud,CL,2021-07-30 06:08:18,-41.8697,-73.8203,47.73,92,100,14.38
324,Plouzane,FR,2021-07-30 06:08:19,48.3833,-4.6167,59.05,85,75,12.66
325,Tsiroanomandidy,MG,2021-07-30 06:08:19,-18.7667,46.0333,68.68,52,3,5.06
326,Zeya,RU,2021-07-30 06:08:19,53.75,127.2667,68.31,59,35,10.49
327,Gumla,IN,2021-07-30 06:08:20,23.05,84.55,74.01,95,100,11.3
328,Gulf Gate Estates,US,2021-07-30 06:08:20,27.2517,-82.5147,80.98,75,20,4.61
329,Gawler,AU,2021-07-30 06:08:21,-34.6,138.7333,68.9,52,92,17.0
330,Qui Nhon,VN,2021-07-30 06:08:21,13.7667,109.2333,95.72,47,42,17.96
331,Ponta Do Sol,PT,2021-07-30 06:08:22,32.6667,-17.1,70.43,77,11,6.8
332,Abashiri,JP,2021-07-30 06:08:23,44.0213,144.2697,91.69,49,20,18.41
333,West Bay,KY,2021-07-30 06:08:23,19.3667,-81.4167,82.99,85,88,4.0
334,Faya,SA,2021-07-30 06:08:24,18.3851,42.4509,77.52,39,51,6.31
335,Isangel,VU,2021-07-30 06:08:24,-19.55,169.2667,73.69,78,44,6.8
336,Liepaja,LV,2021-07-30 06:08:25,56.5419,21.0367,66.18,68,40,25.32
337,Loiza,PR,2021-07-30 06:08:25,18.4313,-65.8802,81.21,85,100,10.76
338,Imbituba,BR,2021-07-30 06:08:25,-28.24,-48.6703,44.49,73,0,7.0
339,Gayeri,BF,2021-07-30 06:08:26,12.6497,0.4931,74.64,80,93,7.38
340,Thabazimbi,ZA,2021-07-30 06:08:26,-24.5917,27.4116,54.1,32,0,4.09
341,Nome,US,2021-07-30 06:08:27,64.5011,-165.4064,49.15,93,90,5.75
342,Tokur,RU,2021-07-30 06:08:27,53.1333,132.9,50.63,99,100,5.03
343,Santa Maria,BR,2021-07-30 06:08:27,-29.6842,-53.8069,37.4,77,0,2.17
344,Graneros,CL,2021-07-30 06:08:28,-34.0667,-70.7333,53.06,29,0,1.79
345,Severo-Yeniseyskiy,RU,2021-07-30 06:08:28,60.3725,93.0408,68.32,46,87,5.06
346,Akyab,MM,2021-07-30 06:08:29,20.15,92.9,83.46,83,92,13.98
347,Fukue,JP,2021-07-30 06:08:29,32.6881,128.8419,82.36,75,99,7.31
348,Amapa,BR,2021-07-30 06:08:29,1.0,-52.0,69.82,99,79,1.07
349,Egvekinot,RU,2021-07-30 06:08:30,66.3167,-179.1667,35.1,97,100,3.33
350,Ghanzi,BW,2021-07-30 06:08:31,-21.5667,21.7833,47.64,38,0,8.21
351,Leshukonskoye,RU,2021-07-30 06:08:31,64.8989,45.7622,60.24,53,76,6.06
352,Yar-Sale,RU,2021-07-30 06:08:31,66.8333,70.8333,52.59,82,100,18.21
353,Stryn,NO,2021-07-30 06:08:32,61.9045,6.7226,64.26,90,88,4.72
354,Thompson,CA,2021-07-30 06:08:32,55.7435,-97.8558,59.81,82,93,4.52
355,Tuatapere,NZ,2021-07-30 06:08:33,-46.1333,167.6833,50.83,90,100,3.31
356,Krotoszyn,PL,2021-07-30 06:08:33,51.6987,17.4374,62.74,60,88,8.55
357,Hukuntsi,BW,2021-07-30 06:08:34,-24.0,21.75,46.98,39,0,8.95
358,Coromandel,BR,2021-07-30 06:08:34,-18.4733,-47.2003,45.57,31,1,4.5
359,Korla,CN,2021-07-30 06:08:35,41.7597,86.1469,102.16,13,35,22.26
360,Fairbanks,US,2021-07-30 06:08:35,64.8378,-147.7164,66.09,76,75,0.0
361,Zhuanghe,CN,2021-07-30 06:08:35,39.7008,122.9911,82.29,81,75,17.18
362,Smiths Falls,CA,2021-07-30 06:08:36,44.9001,-76.0161,63.12,96,65,3.78
363,Ambilobe,MG,2021-07-30 06:08:36,-13.2,49.05,79.45,49,0,8.01
364,Shetpe,KZ,2021-07-30 06:08:37,44.1667,52.1167,86.59,18,0,5.3
365,Galesburg,US,2021-07-30 06:08:37,40.9478,-90.3712,74.91,90,1,1.01
366,Belyy Yar,RU,2021-07-30 06:08:37,53.6039,91.3903,73.29,46,0,8.95
367,Ayr,GB,2021-07-30 06:08:38,55.4627,-4.6339,58.48,94,90,0.0
368,Quatre Cocos,MU,2021-07-30 06:08:38,-20.2078,57.7625,74.08,67,78,19.86
369,Pedasi,PA,2021-07-30 06:08:39,7.5333,-80.0333,78.62,82,99,7.87
370,Mount Isa,AU,2021-07-30 06:08:39,-20.7333,139.5,92.97,12,5,5.75
371,Fonte Boa,BR,2021-07-30 06:08:40,-2.4959,-66.2662,73.96,77,76,3.56
372,Batticaloa,LK,2021-07-30 06:08:40,7.7102,81.6924,89.89,55,42,6.29
373,Bengkulu,ID,2021-07-30 06:08:40,-3.8004,102.2655,85.6,66,24,14.03
374,Umm Kaddadah,SD,2021-07-30 06:08:41,13.6017,26.6876,83.3,60,99,17.02
375,Chenzhou,CN,2021-07-30 06:08:41,25.8,113.0333,97.03,47,58,3.87
376,Dumai,ID,2021-07-30 06:08:41,1.6833,101.45,94.03,44,98,3.29
377,Goedereede,NL,2021-07-30 06:08:42,51.8175,3.9806,62.6,78,94,13.71
378,Eqbaliyeh,IR,2021-07-30 06:08:42,35.3022,51.5358,84.02,28,34,14.0
379,Murgab,TM,2021-07-30 06:08:43,37.4966,61.9714,85.87,26,0,11.5
380,Pozo Colorado,PY,2021-07-30 06:08:43,-23.4923,-58.7972,39.97,56,21,4.7
381,Port Augusta,AU,2021-07-30 06:08:43,-32.5,137.7667,77.14,33,51,20.49
382,Port Keats,AU,2021-07-30 06:08:44,-14.25,129.55,85.91,55,9,10.96
383,Fethiye,TR,2021-07-30 06:08:44,36.6217,29.1164,94.87,23,0,5.64
384,Basco,PH,2021-07-30 06:08:44,20.4487,121.9702,83.46,88,100,24.34
385,Eydhafushi,MV,2021-07-30 06:08:45,5.1033,73.0708,82.67,71,71,9.17
386,Dryden,CA,2021-07-30 06:08:45,49.7833,-92.7503,54.14,51,45,4.68
387,Krasnogorskiy,RU,2021-07-30 06:08:46,54.6025,61.231,65.57,54,100,14.76
388,Copiapo,CL,2021-07-30 06:08:46,-27.3667,-70.3333,46.09,22,0,3.36
389,Nemuro,JP,2021-07-30 06:08:46,43.3236,145.575,69.76,94,86,10.76
390,Zelenets,RU,2021-07-30 06:08:47,61.8849,50.7489,61.05,92,100,5.41
391,Zhezkazgan,KZ,2021-07-30 06:08:47,47.8043,67.7144,77.81,28,0,4.74
392,Pambujan,PH,2021-07-30 06:08:48,12.5642,124.9276,92.41,54,51,12.1
393,Corigliano Calabro,IT,2021-07-30 06:08:48,39.595,16.5177,83.91,24,0,4.97
394,Margate,GB,2021-07-30 06:08:48,51.3813,1.3862,61.92,88,100,3.0
395,Camopi,GF,2021-07-30 06:08:49,3.1655,-52.3158,70.07,99,19,1.01
396,Paraiso,CR,2021-07-30 06:08:49,9.8383,-83.8656,66.15,95,75,3.29
397,Atbasar,KZ,2021-07-30 06:08:50,51.8,68.3333,69.93,32,22,2.46
398,Comodoro Rivadavia,AR,2021-07-30 06:03:52,-45.8667,-67.5,51.15,55,100,9.44
399,Luanda,AO,2021-07-30 06:08:50,-8.8368,13.2343,69.8,88,75,4.61
400,Saint George,US,2021-07-30 06:08:51,37.1041,-113.5841,75.63,77,20,4.61
401,Narrabri,AU,2021-07-30 06:08:51,-30.3167,149.7833,65.52,38,0,1.99
402,Gigmoto,PH,2021-07-30 06:08:52,13.7796,124.39,89.94,62,97,14.05
403,Dudinka,RU,2021-07-30 06:08:52,69.4058,86.1778,64.62,67,100,11.81
404,Oga,IT,2021-07-30 06:08:52,46.4631,10.347,59.65,75,49,2.84
405,Sola,VU,2021-07-30 06:08:53,-13.8833,167.55,78.76,77,88,0.67
406,Walvis Bay,NA,2021-07-30 06:08:53,-22.9575,14.5053,71.1,23,0,21.18
407,Parana,AR,2021-07-30 06:08:53,-31.732,-60.5238,42.55,72,0,7.92
408,Weligama,LK,2021-07-30 06:08:54,5.9667,80.4167,84.47,71,16,13.98
409,Great Falls,US,2021-07-30 06:06:07,47.5002,-111.3008,76.39,45,1,13.8
410,Stornoway,GB,2021-07-30 06:08:54,58.2093,-6.3865,58.93,94,40,3.44
411,Ajdabiya,LY,2021-07-30 06:08:55,30.7554,20.2263,84.72,37,0,7.54
412,Half Moon Bay,US,2021-07-30 06:05:21,37.4636,-122.4286,75.4,83,1,0.0
413,Coolum Beach,AU,2021-07-30 06:08:56,-26.5333,153.1,69.12,60,7,1.01
414,Synya,RU,2021-07-30 06:08:56,65.3718,58.0387,56.07,60,42,4.85
415,Poum,NC,2021-07-30 06:08:56,-20.2333,164.0167,72.75,75,3,20.51
416,Kargopol,RU,2021-07-30 06:08:57,61.5071,38.9456,67.42,72,73,7.63
417,Flin Flon,CA,2021-07-30 06:08:57,54.7682,-101.865,60.42,85,63,3.04
418,Yerbogachen,RU,2021-07-30 06:08:58,61.2767,108.0108,80.13,27,3,10.74
419,Avarua,CK,2021-07-30 06:08:58,-21.2078,-159.775,69.85,78,41,3.44
420,Yenotayevka,RU,2021-07-30 06:08:58,47.2456,47.0281,86.97,27,8,10.36
421,Mackay,AU,2021-07-30 06:08:59,-21.15,149.2,72.68,82,99,12.93
422,Adrar,MR,2021-07-30 06:08:59,20.5022,-10.0711,82.94,40,76,13.33
423,Shu,KZ,2021-07-30 06:09:00,43.5983,73.7614,83.12,29,79,4.61
424,Okhotsk,RU,2021-07-30 06:09:00,59.3833,143.3,61.38,48,28,7.78
425,Beyneu,KZ,2021-07-30 06:09:00,45.3167,55.2,88.86,12,6,1.48
426,Praia Da Vitoria,PT,2021-07-30 06:09:01,38.7333,-27.0667,70.75,85,17,7.23
427,Orlik,RU,2021-07-30 06:09:01,52.5178,99.825,54.79,78,100,3.76
428,Avera,US,2021-07-30 06:09:02,33.194,-82.5271,82.53,70,5,6.49
429,Zhangye,CN,2021-07-30 06:09:02,38.9342,100.4517,98.98,10,0,4.65
430,Tshikapa,CD,2021-07-30 06:09:02,-6.4167,20.8,74.01,33,6,3.38
431,Ibiapina,BR,2021-07-30 06:09:03,-3.9233,-40.8894,63.91,90,64,1.74
432,Artyom,AZ,2021-07-30 06:09:03,40.4723,50.333,84.34,54,89,5.03
433,Puri,IN,2021-07-30 06:09:04,19.8,85.85,84.72,76,100,19.62
434,Sabang,ID,2021-07-30 06:09:04,5.8933,95.3214,80.71,78,98,18.52
435,Linhares,BR,2021-07-30 06:09:04,-19.3911,-40.0722,63.37,62,85,12.08
436,Eenhana,NA,2021-07-30 06:09:05,-17.4667,16.3333,50.13,35,90,8.16
437,Krasne,UA,2021-07-30 06:09:05,49.9145,24.6134,70.95,69,13,4.68
438,Manta,EC,2021-07-30 06:09:05,-0.95,-80.7333,73.18,83,90,8.05
439,Provideniya,RU,2021-07-30 06:09:06,64.3833,-173.3,50.11,81,75,6.71
440,Ragusa,IT,2021-07-30 06:09:06,36.9167,14.6,86.11,30,0,2.3
441,Henties Bay,NA,2021-07-30 06:09:07,-22.116,14.2845,70.86,31,0,12.06
442,Kupang,ID,2021-07-30 06:09:07,-10.1667,123.5833,85.17,59,8,14.61
443,Severo-Kurilsk,RU,2021-07-30 06:09:07,50.6789,156.125,62.62,85,73,6.93
444,Waitara,NZ,2021-07-30 06:09:08,-38.925,174.25,54.72,84,44,5.7
445,East London,ZA,2021-07-30 06:09:08,-33.0153,27.9116,57.42,63,4,4.65
446,Khandyga,RU,2021-07-30 06:09:09,62.6667,135.6,73.45,27,35,4.5
447,Grindavik,IS,2021-07-30 06:09:09,63.8424,-22.4338,56.55,88,0,2.3
448,Kieta,PG,2021-07-30 06:09:09,-6.2167,155.6333,82.53,80,75,4.5
449,Killam,CA,2021-07-30 06:09:10,52.7834,-111.8518,64.06,60,28,5.53
450,Nanning,CN,2021-07-30 06:07:18,22.8167,108.3167,94.3,56,92,3.42
451,Kindersley,CA,2021-07-30 06:09:10,51.4668,-109.1682,69.51,52,12,6.42
452,Uyovu,TZ,2021-07-30 06:09:11,-3.2833,31.5258,69.31,44,33,7.74
453,Dingle,PH,2021-07-30 06:09:11,10.9995,122.6711,89.58,62,63,15.14
454,Bria,CF,2021-07-30 06:09:11,6.5423,21.9863,70.72,93,71,1.14
455,Bilibino,RU,2021-07-30 06:09:12,68.0546,166.4372,41.74,52,61,11.12
456,Mareeba,AU,2021-07-30 06:09:12,-17.0,145.4333,84.33,44,3,8.79
457,Elizabeth City,US,2021-07-30 06:09:13,36.2946,-76.2511,82.45,90,1,1.01
458,Chivolo,CO,2021-07-30 06:09:13,10.025,-74.6228,75.29,93,81,4.99
459,Krasna Lipa,CZ,2021-07-30 06:09:13,50.4838,13.3575,62.01,68,37,4.07
460,Zhuzhou,CN,2021-07-30 06:05:35,27.8333,113.15,102.36,35,5,3.91
461,Nouadhibou,MR,2021-07-30 06:09:14,20.931,-17.0347,68.31,92,86,14.74
462,Thinadhoo,MV,2021-07-30 06:09:14,0.5333,72.9333,82.15,71,97,4.65
463,Chilliwack,CA,2021-07-30 06:09:15,49.1747,-121.9443,74.1,56,1,1.01
464,Manokwari,ID,2021-07-30 06:09:15,-0.8667,134.0833,83.82,69,62,4.14
465,Ponta Delgada,PT,2021-07-30 06:09:16,37.7333,-25.6667,70.52,88,75,9.22
466,Kaitangata,NZ,2021-07-30 06:09:16,-46.2817,169.8464,48.63,91,92,7.72
467,Agirish,RU,2021-07-30 06:09:16,61.9247,63.0231,60.78,41,57,5.84
468,Santiago Del Estero,AR,2021-07-30 06:09:17,-27.7951,-64.2615,40.8,43,0,7.72
469,Nalut,LY,2021-07-30 06:09:17,30.3333,10.85,79.7,30,0,9.89
470,Derazhnya,UA,2021-07-30 06:09:18,49.2692,27.4338,72.25,66,0,5.73
471,Mandvi,IN,2021-07-30 06:09:18,22.8333,69.3667,84.54,77,99,26.49
472,Sikonge,TZ,2021-07-30 06:09:18,-5.6333,32.7667,67.39,53,39,11.65
473,Monteagudo,BO,2021-07-30 06:09:19,-19.8167,-63.9833,38.97,65,56,2.44
474,Oshawa,CA,2021-07-30 06:06:25,43.9001,-78.8496,67.78,82,90,1.99
475,Ibaiti,BR,2021-07-30 06:09:19,-23.8486,-50.1878,33.89,58,41,3.38
476,Kendari,ID,2021-07-30 06:09:20,-3.945,122.4989,85.05,64,94,5.7
477,Karratha,AU,2021-07-30 06:09:20,-20.7377,116.8463,78.03,50,1,19.64
478,Sharjah,AE,2021-07-30 06:07:17,25.3573,55.4033,105.96,29,100,9.22
479,Kidal,ML,2021-07-30 06:09:21,18.4411,1.4078,86.56,45,46,7.09
480,Gerede,TR,2021-07-30 06:09:21,40.8008,32.1969,70.09,38,0,3.6
481,Uryupinsk,RU,2021-07-30 06:09:22,50.8047,42.0138,78.51,62,100,8.5
482,Kedgwick,CA,2021-07-30 06:09:22,47.6446,-67.3434,53.55,98,100,2.73
483,Aksarka,RU,2021-07-30 06:09:22,66.5606,67.7975,51.78,91,100,16.73
484,Antofagasta,CL,2021-07-30 06:06:53,-23.65,-70.4,54.68,74,11,4.12
485,Clyde River,CA,2021-07-30 06:09:23,70.4692,-68.5914,34.03,100,40,10.36
486,Lorengau,PG,2021-07-30 06:09:23,-2.0226,147.2712,85.1,69,36,6.17
487,Namatanai,PG,2021-07-30 06:09:24,-3.6667,152.4333,83.43,74,31,6.02
488,Guia De Isora,ES,2021-07-30 06:09:24,28.2115,-16.7795,67.44,79,2,4.45
489,Velsk,RU,2021-07-30 06:09:24,61.0701,42.0983,63.39,85,91,4.21
490,Meridian,US,2021-07-30 06:09:01,43.6121,-116.3915,82.9,47,1,0.0
491,Alma,CA,2021-07-30 06:06:07,48.5501,-71.6491,60.1,96,100,10.98
492,Victor Harbor,AU,2021-07-30 06:09:25,-35.5667,138.6167,69.46,58,62,20.96
493,Lishu,CN,2021-07-30 06:09:26,43.3047,124.3278,73.81,83,100,12.77
494,Coari,BR,2021-07-30 06:09:26,-4.085,-63.1414,71.11,69,56,3.8
495,Cockburn Town,TC,2021-07-30 06:09:26,21.4612,-71.1419,82.13,77,0,20.04
496,Eseka,CM,2021-07-30 06:09:27,3.65,10.7667,71.15,97,93,1.54
497,Makakilo City,US,2021-07-30 06:09:27,21.3469,-158.0858,79.12,72,1,6.91
498,Constantine,DZ,2021-07-30 06:05:39,36.365,6.6147,85.5,27,18,5.5
499,Pipri,IN,2021-07-30 06:09:28,19.8,75.5333,75.15,82,100,13.44
500,Ahipara,NZ,2021-07-30 06:09:28,-35.1667,173.1667,58.44,87,77,14.81
501,Tazovskiy,RU,2021-07-30 06:09:29,67.4667,78.7,59.95,53,50,15.5
502,Bubaque,GW,2021-07-30 06:09:29,11.2833,-15.8333,77.74,87,100,13.42
503,Saldanha,ZA,2021-07-30 06:09:29,-33.0117,17.9442,52.0,82,44,4.88
504,Villanueva De La Serena,ES,2021-07-30 06:09:30,38.9766,-5.7974,59.83,50,0,4.05
505,Nhlangano,SZ,2021-07-30 06:09:30,-27.1167,31.2,49.78,75,18,1.83
506,Winslow,US,2021-07-30 06:09:30,35.0242,-110.6974,66.38,82,1,0.0
507,Gizo,SB,2021-07-30 06:09:31,-8.103,156.8419,83.1,73,27,4.38
508,Eureka,US,2021-07-30 06:09:31,40.8021,-124.1637,68.67,92,41,2.91
509,Vysokaya Gora,RU,2021-07-30 06:09:32,55.9128,49.3017,69.98,73,83,9.75
510,Porbandar,IN,2021-07-30 06:05:16,21.6422,69.6093,84.6,77,97,23.98
511,Ca Mau,VN,2021-07-30 06:06:43,9.1769,105.15,77.92,91,100,12.44
512,Harindanga,IN,2021-07-30 06:09:33,22.0383,88.3214,87.78,78,100,18.97
513,Clovis,US,2021-07-30 06:09:00,36.8252,-119.7029,91.29,40,20,1.99
514,Bangkal,PH,2021-07-30 06:09:33,6.0667,121.0667,87.37,62,68,5.97
515,Fare,PF,2021-07-30 06:09:34,-16.7,-151.0167,77.7,75,34,7.4
516,Fernley,US,2021-07-30 06:05:27,39.608,-119.2518,81.91,37,99,3.89
517,Mpophomeni,ZA,2021-07-30 06:09:34,-29.5682,30.1862,45.3,75,16,3.2
518,Byron Bay,AU,2021-07-30 06:09:34,-28.65,153.6167,68.11,57,0,4.41
519,Sidney,AU,2021-07-30 06:07:56,-33.8679,151.2073,66.88,55,0,1.01
520,Nyanguge,TZ,2021-07-30 06:09:35,-2.55,33.2,69.48,55,42,13.27
521,Ashland,US,2021-07-30 06:08:12,40.8167,-82.2665,72.75,94,3,7.43
522,Cermik,TR,2021-07-30 06:09:36,38.1361,39.4493,86.49,29,0,7.78
523,Cayenne,GF,2021-07-30 06:09:36,4.9333,-52.3333,76.08,91,90,0.0
524,Atar,MR,2021-07-30 06:09:37,20.5169,-13.0499,79.14,52,31,7.87
525,Bentiu,SS,2021-07-30 06:09:37,9.2333,29.8333,74.21,91,100,4.56
526,Pitimbu,BR,2021-07-30 06:09:38,-7.4706,-34.8086,72.19,85,96,6.85
527,Peace River,CA,2021-07-30 06:09:38,56.2501,-117.286,65.66,71,8,1.01
528,Cobija,BO,2021-07-30 06:09:38,-11.0267,-68.7692,53.56,42,0,2.84
529,Black River,JM,2021-07-30 06:09:39,18.0264,-77.8487,75.97,85,26,4.7
530,Setermoen,NO,2021-07-30 06:09:39,68.861,18.3486,57.43,70,100,4.81
531,Hasaki,JP,2021-07-30 06:09:40,35.7333,140.8333,86.4,72,15,5.61
532,Bereda,ES,2021-07-30 06:09:40,43.2686,-7.5406,60.01,100,50,1.59
533,Kaeo,NZ,2021-07-30 06:09:40,-35.1,173.7833,60.33,87,65,13.51
534,Madang,PG,2021-07-30 06:09:41,-5.2246,145.7966,85.01,68,65,6.49
535,Tarakan,ID,2021-07-30 06:09:41,3.3,117.6333,85.5,74,20,3.44
536,Kisangani,CD,2021-07-30 06:09:42,0.5167,25.2,76.33,68,77,1.07
537,Hirara,JP,2021-07-30 06:09:42,24.8,125.2833,84.31,82,11,9.86
538,Saint-Pierre,RE,2021-07-30 06:09:42,-21.3393,55.4781,72.28,74,90,23.02
539,Rio Tercero,AR,2021-07-30 06:09:43,-32.173,-64.1141,38.39,49,0,6.29
540,Osinovo,RU,2021-07-30 06:09:43,55.8809,48.881,69.89,71,86,9.93
541,Horizontina,BR,2021-07-30 06:09:43,-27.6258,-54.3078,33.3,79,0,2.37
542,Skjervoy,NO,2021-07-30 06:09:44,70.0311,20.9714,57.2,75,82,13.69
543,Havre,FR,2021-07-30 06:09:44,49.5833,0.3333,62.37,82,90,13.8
544,Bang Saphan,TH,2021-07-30 06:09:45,11.2126,99.5117,83.95,71,100,8.79
545,Romilly-Sur-Seine,FR,2021-07-30 06:09:45,48.5108,3.7263,59.13,81,49,6.62
546,Nhulunbuy,AU,2021-07-30 06:09:45,-12.2333,136.7667,84.81,65,75,10.36
547,Yayva,RU,2021-07-30 06:09:46,59.3303,57.2641,57.97,99,100,4.52
548,Rudnya,RU,2021-07-30 06:09:46,54.947,31.0934,66.33,82,77,9.1
549,Miranda,CO,2021-07-30 06:09:47,3.2499,-76.2281,68.13,86,47,5.1
550,Tadine,NC,2021-07-30 06:06:14,-21.55,167.8833,72.75,63,34,7.0
551,Pisco,PE,2021-07-30 06:09:47,-13.7,-76.2167,62.65,82,90,1.14
552,Nsanje,MW,2021-07-30 06:09:47,-16.92,35.262,67.44,69,4,3.83
553,Esna,EG,2021-07-30 06:09:48,25.2934,32.554,91.13,16,96,11.05
554,Bajil,YE,2021-07-30 06:09:48,15.0584,43.2851,91.44,52,34,7.52
555,Englewood,US,2021-07-30 06:09:49,39.6478,-104.9878,82.51,41,40,1.01
556,Pingliang,CN,2021-07-30 06:09:49,35.5392,106.6861,95.7,14,0,7.31
557,Esil,KZ,2021-07-30 06:09:49,51.9556,66.4042,71.87,35,61,8.86
558,Gushikawa,JP,2021-07-30 06:09:50,26.3544,127.8686,87.39,72,40,9.22
559,Azul,AR,2021-07-30 06:09:50,-36.777,-59.8585,38.19,60,0,7.74
560,Kenitra,MA,2021-07-30 06:09:51,34.261,-6.5802,72.36,96,73,3.49
561,Yumen,CN,2021-07-30 06:09:51,40.2833,97.2,96.84,10,0,22.5
562,Namibe,AO,2021-07-30 06:09:51,-15.1961,12.1522,64.56,78,2,2.89
563,Yima,CN,2021-07-30 06:09:52,34.7381,111.8839,93.88,40,0,6.46
564,Bambous Virieux,MU,2021-07-30 06:09:52,-20.3428,57.7575,73.22,67,82,19.33
565,Bulawayo,ZW,2021-07-30 06:09:53,-20.15,28.5833,54.0,48,43,9.04
566,Zhigansk,RU,2021-07-30 06:09:53,66.7697,123.3711,72.81,32,3,3.67
567,Jumla,NP,2021-07-30 06:09:53,29.2747,82.1838,64.35,95,100,2.84
568,Brae,GB,2021-07-30 06:09:54,60.3964,-1.353,53.51,93,99,11.25
569,Marquette,US,2021-07-30 06:09:54,46.5333,-87.6335,56.77,79,42,4.36
570,Tulare,US,2021-07-30 06:09:55,36.2666,-118.8009,80.94,35,67,1.99
571,Aykhal,RU,2021-07-30 06:09:55,66.0,111.5,77.94,29,58,6.96
